{"2330 \u00ef\u00bb\u00bfGuadalupe St , Austin, TX 78705": [30.28717930419, -97.735140693416], "N \u00ef\u00bb\u00bfInterstate Highway 35 , Austin, TX 78702": [30.28717930419, -97.735140693416], " , Austin, TX 78701": [30.28717930419, -97.735140693416], "3718 \u00ef\u00bb\u00bfN Lamar Blvd , Austin, TX 78705": [30.28717930419, -97.735140693416], "707 \u00ef\u00bb\u00bfE 9th St , Austin, TX 78701": [30.28717930419, -97.735140693416], "N \u00ef\u00bb\u00bfIh 35 , Austin, TX 78752": [30.28717930419, -97.735140693416], "907 \u00ef\u00bb\u00bfW 5th St , Austin, TX 78703": [30.28717930419, -97.735140693416], "1201 \u00ef\u00bb\u00bfBarbara Jordan Blvd , Austin, TX 78723": [30.28717930419, -97.735140693416]}